{
  "fieldSets": [
    {
      "label": "Manager Settings",
      "fields": [
        {
          "name": "pageTitle",
          "label": "Page Title",
          "type": "text",
          "dataType": "string",
          "defaultValue": "Manage Company Policies"
        },
        {
          "name": "showRecentUpdates",
          "label": "Show Recent Updates",
          "description": "Display list of recently updated policies",
          "type": "checkbox",
          "defaultValue": true
        }
      ]
    }
  ]
}
